{"cameraMode":{"drawMode":0,"name":"Shaded","section":"Shading Mode"},"sceneLighting":true,"audioPlay":false,"sceneViewState":{"m_AlwaysRefresh":false,"showFog":true,"showSkybox":true,"showFlares":true,"showImageEffects":true,"showParticleSystems":true,"showVisualEffectGraphs":true,"m_FxEnabled":true},"in2DMode":false,"pivot":{"x":229.7421112060547,"y":0.07433837652206421,"z":-42.48154067993164},"rotation":{"x":0.05136297270655632,"y":-0.7960160374641419,"z":0.06822331994771958,"w":0.5992465019226074},"size":1.2589137554168702,"orthographic":false}