{"cameraMode":{"drawMode":0,"name":"Shaded","section":"Shading Mode"},"sceneLighting":true,"audioPlay":false,"sceneViewState":{"m_AlwaysRefresh":false,"showFog":true,"showSkybox":true,"showFlares":true,"showImageEffects":true,"showParticleSystems":true,"showVisualEffectGraphs":true,"m_FxEnabled":true},"in2DMode":false,"pivot":{"x":41.35867691040039,"y":92.30470275878906,"z":5.229308128356934},"rotation":{"x":0.020609315484762193,"y":0.9780712127685547,"z":-0.17041011154651643,"w":0.11822851747274399},"size":1.7529582977294922,"orthographic":false}