{"cameraMode":{"drawMode":0,"name":"Shaded","section":"Shading Mode"},"sceneLighting":true,"audioPlay":false,"sceneViewState":{"m_AlwaysRefresh":false,"showFog":true,"showSkybox":true,"showFlares":true,"showImageEffects":true,"showParticleSystems":true,"showVisualEffectGraphs":true,"m_FxEnabled":true},"in2DMode":false,"pivot":{"x":47.229679107666019,"y":91.37428283691406,"z":3.1460492610931398},"rotation":{"x":-0.2155648022890091,"y":-0.06819501519203186,"z":0.015094863250851632,"w":-0.9739917516708374},"size":1.9204599857330323,"orthographic":false}