{"cameraMode":{"drawMode":0,"name":"Shaded","section":"Shading Mode"},"sceneLighting":true,"audioPlay":false,"sceneViewState":{"m_AlwaysRefresh":false,"showFog":true,"showSkybox":true,"showFlares":true,"showImageEffects":true,"showParticleSystems":true,"showVisualEffectGraphs":true,"m_FxEnabled":true},"in2DMode":false,"pivot":{"x":46.054386138916019,"y":95.35377502441406,"z":8.663175582885743},"rotation":{"x":-0.014057207852602005,"y":0.9508983492851257,"z":-0.3060656487941742,"w":-0.04366551339626312},"size":0.7771316766738892,"orthographic":false}