{"cameraMode":{"drawMode":0,"name":"Shaded","section":"Shading Mode"},"sceneLighting":true,"audioPlay":false,"sceneViewState":{"m_AlwaysRefresh":false,"showFog":true,"showSkybox":true,"showFlares":true,"showImageEffects":true,"showParticleSystems":true,"showVisualEffectGraphs":true,"m_FxEnabled":true},"in2DMode":false,"pivot":{"x":50.659828186035159,"y":85.62754821777344,"z":19.253711700439454},"rotation":{"x":-0.2155648022890091,"y":-0.06819501519203186,"z":0.015094863250851632,"w":-0.9739917516708374},"size":13.156676292419434,"orthographic":false}